<?xml version="1.0" encoding="UTF-8"?><?xml-stylesheet type='text/xsl' href='_UpgradeReport_Files/UpgradeReport.xslt'?><UpgradeLog>
<Properties><Property Name="Solution" Value="AttLogs">
</Property><Property Name="解决方案文件" Value="D:\wince\work\脱机sdk\文档\光盘资料\脱机通讯开发包(32bit Ver6.2.4.1)\Demo\C#\IFace\AttLogs\AttLogs.sln">
</Property><Property Name="Date" Value="2013年8月16日">
</Property><Property Name="Time" Value="15:49">
</Property></Properties><Event ErrorLevel="0" Project="AttLogs" Source="AttLogs.csproj" Description="项目已成功转换">
</Event><Event ErrorLevel="3" Project="AttLogs" Source="AttLogs.csproj" Description="Converted">
</Event><Event ErrorLevel="0" Project="" Source="AttLogs.sln" Description="成功转换解决方案">
</Event><Event ErrorLevel="3" Project="" Source="AttLogs.sln" Description="Converted">
</Event><Event ErrorLevel="0" Project="AttLogs" Source="AttLogs.csproj" Description="扫描完成: 项目文件不需要升级。">
</Event></UpgradeLog>